"Id";"Nome";"Tipo";"Unidade";"Mín";"Máx";"Padrăo";"Dígitos dec.";"Valor";"Somente Leitura";"Comparaçăo";"Descriçăo"
"P0000";"PAR_0000";"WORD";"";"0";"9999";"0";"0";"0";"";"";"Acesso aos Parâmetros"
"P0001";"PAR_0001";"WORD";"";"0";"65535";"0";"0";"150";"X";"X";"Referęncia Velocidade"
"P0002";"PAR_0002";"WORD";"";"0";"65535";"0";"0";"0";"X";"";"Velocidade de Saída"
"P0003";"PAR_0003";"WORD";"A";"0.0";"200.0";"0.0";"1";"0.0";"X";"";"Corrente do Motor"
"P0004";"PAR_0004";"WORD";"V";"0";"2000";"0";"0";"308";"X";"X";"Tensăo Barram.CC (Ud)"
"P0005";"PAR_0005";"WORD";"Hz";"0.0";"500.0";"0.0";"1";"0.0";"X";"";"Frequęncia do Motor"
"P0006";"PAR_0006";"WORD";"";"0: Ready (Pronto)";"7: Estado Dormir";"0: Ready (Pronto)";"0";"0: Ready (Pronto)";"X";"";"Estado do Inversor"
"P0007";"PAR_0007";"WORD";"V";"0";"2000";"0";"0";"0";"X";"";"Tensăo de Saída"
"P0009";"PAR_0009";"WORD";"%";"-1000.0";"1000.0";"0.0";"1";"0.0";"X";"";"Torque no Motor"
"P0010";"PAR_0010";"WORD";"kW";"0.0";"6553.5";"0.0";"1";"0.0";"X";"";"Potęncia de Saída"
"P0011";"PAR_0011";"WORD";"";"-1.00";"1.00";"0.00";"2";"0.00";"X";"";"Fator de Potęncia"
"P0012";"PAR_0012";"WORD";"";"0";"255";"0";"0";"5";"X";"X";"Estado DI8 a DI1"
"P0013";"PAR_0013";"WORD";"";"0";"31";"0";"0";"1";"X";"X";"Estado DO5 a DO1"
"P0014";"PAR_0014";"WORD";"%";"0.0";"100.0";"0.0";"1";"0.0";"X";"";"Valor de AO1"
"P0015";"PAR_0015";"WORD";"%";"0.0";"100.0";"0.0";"1";"0.7";"X";"X";"Valor de AO2"
"P0016";"PAR_0016";"WORD";"%";"0.0";"100.0";"0.0";"1";"0.0";"X";"";"Valor de FO %"
"P0017";"PAR_0017";"WORD";"Hz";"0";"20000";"0";"0";"0";"X";"";"Valor de FO Hz"
"P0018";"PAR_0018";"WORD";"%";"-100.0";"100.0";"0.0";"1";"61.1";"X";"X";"Valor de AI1"
"P0019";"PAR_0019";"WORD";"%";"-100.0";"100.0";"0.0";"1";"0.0";"X";"";"Valor de AI2"
"P0020";"PAR_0020";"WORD";"%";"-100.0";"100.0";"0.0";"1";"32.9";"X";"X";"Valor de AI3"
"P0021";"PAR_0021";"WORD";"%";"-100.0";"100.0";"0.0";"1";"0.0";"X";"";"Valor de FI %"
"P0022";"PAR_0022";"WORD";"Hz";"0";"20000";"0";"0";"0";"X";"";"Valor de FI Hz"
"P0023";"PAR_0023";"WORD";"";"0.00";"655.35";"0.00";"2";"2.21";"X";"X";"Versăo de SW Princ."
"P0024";"PAR_0024";"WORD";"";"0.00";"655.35";"2.20";"2";"1.03";"X";"X";"Versăo de SW Sec."
"P0027";"PAR_0027";"WORD";"";"0: Sem Plug-In";"15: CFW500-CRS485-PNP";"0: Sem Plug-In";"0";"3: CFW500-IOAD";"X";"X";"Config. Mod. Plug-In"
"P0029";"PAR_0029";"WORD";"";"0: Năo Identificado";"48: 200-240 / 19,4A";"0: Năo Identificado";"0";"3: 200-240V / 4,3A";"X";"X";"Config. HW Potęncia"
"P0030";"PAR_0030";"WORD";"C";"-20";"150";"0";"0";"31";"X";"X";"Temp. Módulo"
"P0037";"PAR_0037";"WORD";"%";"0";"100";"0";"0";"0";"X";"";"Sobrecarga Motor Ixt"
"P0038";"PAR_0038";"WORD";"rpm";"0";"65535";"0";"0";"0";"X";"";"Velocidade do Encoder"
"P0039";"PAR_0039";"WORD";"";"0";"40000";"0";"0";"0";"X";"";"Contador Pulsos Enc."
"P0040";"PAR_0040";"WORD";"";"0.0";"3000.0";"0.0";"1";"61.0";"X";"X";"Variável Processo PID"
"P0041";"PAR_0041";"WORD";"";"0.0";"3000.0";"0.0";"1";"50.0";"X";"X";"Valor do Setpoint PID"
"P0047";"PAR_0047";"WORD";"";"0";"999";"0";"0";"0";"X";"";"Estado CONF"
"P0048";"PAR_0048";"WORD";"";"0";"999";"0";"0";"0";"X";"";"Alarme Atual"
"P0049";"PAR_0049";"WORD";"";"0";"999";"0";"0";"0";"X";"";"Falha Atual"
"P0050";"PAR_0050";"WORD";"";"0";"999";"0";"0";"21";"X";"X";"Última Falha"
"P0051";"PAR_0051";"WORD";"A";"0.0";"200.0";"0.0";"1";"0.2";"X";"X";"Corrente Últ. Falha"
"P0052";"PAR_0052";"WORD";"V";"0";"2000";"0";"0";"201";"X";"X";"Barram. CC Últ. Falha"
"P0053";"PAR_0053";"WORD";"Hz";"0.0";"500.0";"0.0";"1";"15.0";"X";"X";"Frequęncia Últ. Falha"
"P0054";"PAR_0054";"WORD";"C";"-20";"150";"0";"0";"28";"X";"X";"Temp. Últ. Falha"
"P0055";"PAR_0055";"WORD";"";"0";"65535";"0";"0";"21378";"X";"X";"Estado Lóg. Últ. Falha"
"P0060";"PAR_0060";"WORD";"";"0";"999";"0";"0";"21";"X";"X";"Segunda Falha"
"P0061";"PAR_0061";"WORD";"A";"0.0";"200.0";"0.0";"1";"0.0";"X";"";"Corrente 2Ş Falha"
"P0062";"PAR_0062";"WORD";"V";"0";"2000";"0";"0";"169";"X";"X";"Barram. CC 2Ş Falha"
"P0063";"PAR_0063";"WORD";"Hz";"0.0";"500.0";"0.0";"1";"0.0";"X";"";"Frequęncia 2Ş Falha"
"P0064";"PAR_0064";"WORD";"C";"-20";"150";"0";"0";"30";"X";"X";"Temp. 2Ş Falha"
"P0065";"PAR_0065";"WORD";"";"0";"65535";"0";"0";"14082";"X";"X";"Estado Lóg. 2Ş Falha"
"P0070";"PAR_0070";"WORD";"";"0";"999";"0";"0";"21";"X";"X";"Terceira Falha"
"P0071";"PAR_0071";"WORD";"A";"0.0";"200.0";"0.0";"1";"0.2";"X";"X";"Corrente 3Ş Falha"
"P0072";"PAR_0072";"WORD";"V";"0";"2000";"0";"0";"201";"X";"X";"Barram. CC 3Ş Falha"
"P0073";"PAR_0073";"WORD";"Hz";"0.0";"500.0";"0.0";"1";"57.0";"X";"X";"Frequęncia 3Ş Falha"
"P0074";"PAR_0074";"WORD";"C";"-20";"150";"0";"0";"24";"X";"X";"Temp. 3Ş Falha"
"P0075";"PAR_0075";"WORD";"";"0";"65535";"0";"0";"5890";"X";"X";"Estado Lóg. 3Ş Falha"
"P0100";"PAR_0100";"WORD";"s";"0.1";"999.0";"10.0";"1";"3.0";"";"X";"Tempo Aceleraçăo"
"P0101";"PAR_0101";"WORD";"s";"0.1";"999.0";"10.0";"1";"3.0";"";"X";"Tempo Desaceleraçăo"
"P0102";"PAR_0102";"WORD";"s";"0.1";"999.0";"10.0";"1";"10.0";"";"";"Tempo Acel. 2Ş Rampa"
"P0103";"PAR_0103";"WORD";"s";"0.1";"999.0";"10.0";"1";"10.0";"";"";"Tempo Desac. 2Ş Rampa"
"P0104";"PAR_0104";"WORD";"";"0: Inativa";"1: Ativa";"0: Inativa";"0";"0: Inativa";"";"";"Rampa S"
"P0105";"PAR_0105";"WORD";"";"0: 1Ş Rampa";"6: SoftPLC";"2: DIx";"0";"2: DIx";"";"";"Seleçăo 1Ş/2Ş rampa"
"P0106";"PAR_0106";"WORD";"s";"0.1";"999.0";"5.0";"1";"5.0";"";"";"Tempo 3a Rampa"
"P0120";"PAR_0120";"WORD";"";"0: Inativa";"2: Backup por P0121";"1: Ativa";"0";"1: Ativa";"";"";"Backup da Ref. Veloc."
"P0121";"PAR_0121";"WORD";"Hz";"0.0";"500.0";"3.0";"1";"15.0";"";"X";"Referęncia pela HMI"
"P0122";"PAR_0122";"WORD";"Hz";"-500.0";"500.0";"5.0";"1";"5.0";"";"";"Referęncia JOG"
"P0124";"PAR_0124";"WORD";"Hz";"-500.0";"500.0";"3.0";"1";"3.0";"";"";"Ref. 1 Multispeed"
"P0125";"PAR_0125";"WORD";"Hz";"-500.0";"500.0";"10.0";"1";"10.0";"";"";"Ref. 2 Multispeed"
"P0126";"PAR_0126";"WORD";"Hz";"-500.0";"500.0";"20.0";"1";"20.0";"";"";"Ref. 3 Multispeed"
"P0127";"PAR_0127";"WORD";"Hz";"-500.0";"500.0";"30.0";"1";"30.0";"";"";"Ref. 4 Multispeed"
"P0128";"PAR_0128";"WORD";"Hz";"-500.0";"500.0";"40.0";"1";"40.0";"";"";"Ref. 5 Multispeed"
"P0129";"PAR_0129";"WORD";"Hz";"-500.0";"500.0";"50.0";"1";"50.0";"";"";"Ref. 6 Multispeed"
"P0130";"PAR_0130";"WORD";"Hz";"-500.0";"500.0";"60.0";"1";"60.0";"";"";"Ref. 7 Multispeed"
"P0131";"PAR_0131";"WORD";"Hz";"-500.0";"500.0";"66.0";"1";"66.0";"";"";"Ref. 8 Multispeed"
"P0132";"PAR_0132";"WORD";"%";"0";"100";"10";"0";"10";"";"";"Nível Máx. Sobreveloc"
"P0133";"PAR_0133";"WORD";"Hz";"0.0";"500.0";"3.0";"1";"15.0";"";"X";"Velocidade Mínima"
"P0134";"PAR_0134";"WORD";"Hz";"0.0";"500.0";"66.0";"1";"66.0";"";"";"Velocidade Máxima"
"P0135";"PAR_0135";"WORD";"A";"0.0";"200.0";"10.0";"1";"6.4";"";"X";"Corrente Máxima Saída"
"P0136";"PAR_0136";"WORD";"%";"0.0";"30.0";"0.0";"1";"8.0";"";"X";"Boost de Torque Man."
"P0137";"PAR_0137";"WORD";"%";"0.0";"30.0";"0.0";"1";"0.0";"";"";"Boost de Torque Autom"
"P0138";"PAR_0138";"WORD";"%";"-10.0";"10.0";"0.0";"1";"0.0";"";"";"Compensaçăo Escorreg."
"P0139";"PAR_0139";"WORD";"ms";"0";"9999";"50";"0";"50";"";"";"Filtro Corrente Saída"
"P0140";"PAR_0140";"WORD";"ms";"0";"9999";"500";"0";"500";"";"";"Filtro Com. Escorreg."
"P0142";"PAR_0142";"WORD";"%";"0.0";"100.0";"100.0";"1";"100.0";"";"";"Tensăo Saída Máxima"
"P0143";"PAR_0143";"WORD";"%";"0.0";"100.0";"66.7";"1";"66.7";"";"";"Tensăo Saída Intermed"
"P0144";"PAR_0144";"WORD";"%";"0.0";"100.0";"33.3";"1";"33.3";"";"";"Tensăo Saída baixa"
"P0145";"PAR_0145";"WORD";"Hz";"0.0";"500.0";"60.0";"1";"60.0";"";"";"Vel. Início Enf.Campo"
"P0146";"PAR_0146";"WORD";"Hz";"0.0";"500.0";"40.0";"1";"40.0";"";"";"Vel. Saída Intermed."
"P0147";"PAR_0147";"WORD";"Hz";"0.0";"500.0";"20.0";"1";"20.0";"";"";"Vel. Saída Baixa"
"P0150";"PAR_0150";"WORD";"";"0: hold_Ud e desac_LC";"3: acel_Ud e hold_LC";"0: hold_Ud e desac_LC";"0";"0: hold_Ud e desac_LC";"";"";"Tipo Regul. Ud V/f"
"P0151";"PAR_0151";"WORD";"V";"340";"1200";"800";"0";"400";"";"X";"Nível Regul. Ud V/f"
"P0152";"PAR_0152";"WORD";"";"0.00";"9.99";"1.50";"2";"1.50";"";"";"Ganho Prop. Regul. Ud V/f"
"P0153";"PAR_0153";"WORD";"V";"340";"1200";"748";"0";"375";"";"X";"Nível Frenagem Reost."
"P0156";"PAR_0156";"WORD";"A";"0.0";"200.0";"4.6";"1";"4.7";"";"X";"Corr. Sobrecarga 100%"
"P0157";"PAR_0157";"WORD";"A";"0.0";"200.0";"3.7";"1";"4.3";"";"X";"Corr. Sobrecarga 50%"
"P0158";"PAR_0158";"WORD";"A";"0.0";"200.0";"2.1";"1";"3.4";"";"X";"Corr. Sobrecarga 5%"
"P0161";"PAR_0161";"WORD";"";"0.0";"63.9";"7.0";"1";"6.0";"";"X";"Ganho Prop. Veloc."
"P0162";"PAR_0162";"WORD";"";"0.000";"9.999";"0.005";"3";"0.000";"";"X";"Ganho Integral Veloc."
"P0165";"PAR_0165";"WORD";"s";"0.012";"1.000";"0.012";"3";"0.012";"";"";"Filtro de Velocidade"
"P0166";"PAR_0166";"WORD";"";"0.00";"7.99";"0.00";"2";"0.00";"";"";"Ganho Difer. Veloc."
"P0167";"PAR_0167";"WORD";"";"0.00";"1.99";"0.50";"2";"0.00";"";"X";"Ganho Prop. Corrente"
"P0168";"PAR_0168";"WORD";"";"0.000";"1.999";"0.010";"3";"0.010";"";"";"Ganho Integ. Corrente"
"P0169";"PAR_0169";"WORD";"%";"0.0";"350.0";"125.0";"1";"125.0";"";"";"Máx.Corrente Torque +"
"P0170";"PAR_0170";"WORD";"%";"0.0";"350.0";"125.0";"1";"125.0";"";"";"Máx.Corrente Torque -"
"P0175";"PAR_0175";"WORD";"";"0.0";"31.9";"2.0";"1";"2.0";"";"";"Ganho Propor. Fluxo"
"P0176";"PAR_0176";"WORD";"";"0.000";"9.999";"0.020";"3";"0.020";"";"";"Ganho Integral Fluxo"
"P0178";"PAR_0178";"WORD";"%";"0.0";"150.0";"100.0";"1";"100.0";"";"";"Fluxo Nominal"
"P0181";"PAR_0181";"WORD";"";"0: Habilita Geral";"1: Gira/Pára";"0: Habilita Geral";"0";"0: Habilita Geral";"";"";"Modo de Magnetizaçăo"
"P0182";"PAR_0182";"WORD";"rpm";"0";"180";"30";"0";"30";"";"";"Veloc. p/ Atuaçăo I/F"
"P0183";"PAR_0183";"WORD";"%";"15.0";"300.0";"120.0";"1";"120.0";"";"";"Corrente no Modo I/F"
"P0184";"PAR_0184";"WORD";"";"0: Com perdas";"2: Hab./Desab.DIx";"1: Sem perdas";"0";"1: Sem perdas";"";"";"Modo Regulaçăo Ud"
"P0185";"PAR_0185";"WORD";"V";"585";"800";"800";"0";"400";"";"X";"Nível Regulaçăo Ud"
"P0186";"PAR_0186";"WORD";"";"0.0";"63.9";"18.0";"1";"18.0";"";"";"Ganho Proporcional Ud"
"P0187";"PAR_0187";"WORD";"";"0.000";"9.999";"0.002";"3";"0.002";"";"";"Ganho Integral Ud"
"P0188";"PAR_0188";"WORD";"";"0.000";"7.999";"0.200";"3";"0.200";"";"";"Ganho Prop. V. Saída"
"P0189";"PAR_0189";"WORD";"";"0.000";"7.999";"0.001";"3";"0.001";"";"";"Ganho Integ. V. Saída"
"P0190";"PAR_0190";"WORD";"V";"0";"600";"436";"0";"220";"";"X";"Tensăo Saída Máxima"
"P0200";"PAR_0200";"WORD";"";"0: Inativa";"9999: Nova senha";"0: Inativa";"0";"0: Inativa";"";"";"Senha"
"P0202";"PAR_0202";"WORD";"";"0: V/F";"8: VVW PM";"0: V/F";"0";"0: V/F";"";"";"Tipo de Controle"
"P0203";"PAR_0203";"WORD";"";"0: Nenhuma";"3: PID via FI";"0: Nenhuma";"0";"1: PID via AI1";"";"X";"Sel. Funçăo Especial"
"P0204";"PAR_0204";"WORD";"";"0: Sem Funçăo";"15: Reservado";"0: Sem Funçăo";"0";"0: Sem Funçăo";"";"";"Carrega/Salva Parâm."
"P0205";"PAR_0205";"WORD";"";"0";"1500";"2";"0";"2";"";"";"Parâmetro Display Princ."
"P0206";"PAR_0206";"WORD";"";"0";"1500";"1";"0";"1";"";"";"Parâmetro Display Auxiliar"
"P0207";"PAR_0207";"WORD";"";"0";"1500";"3";"0";"3";"";"";"Parâmetro para Barra"
"P0208";"PAR_0208";"WORD";"";"1";"65535";"600";"0";"600";"";"";"Escala da Referencia"
"P0209";"PAR_0209";"WORD";"";"0: Sem unidade";"19: H";"13: Hz";"0";"13: Hz";"";"";"Unidade Eng. Ref."
"P0210";"PAR_0210";"WORD";"";"0: wxyz";"3: w.xyz";"1: wxy.z";"0";"1: wxy.z";"";"";"Forma Indicaçăo Ref."
"P0213";"PAR_0213";"WORD";"";"1";"65535";"100";"0";"43";"";"X";"Fator Escala da Barra"
"P0216";"PAR_0216";"WORD";"";"0: Desliga";"2: Reservado";"1: Liga";"0";"1: Liga";"";"";"Iluminaçăo HMI"
"P0217";"PAR_0217";"WORD";"Hz";"0.0";"500.0";"0.0";"1";"16.0";"";"X";"Frequęncia para dormir"
"P0218";"PAR_0218";"WORD";"s";"0";"999";"0";"0";"10";"";"X";"Tempo para dormir"
"P0220";"PAR_0220";"WORD";"";"0: Sempre LOCAL";"11: SoftPLC";"2: Tecla HMI (LOC)";"0";"1: Sempre REMOTO";"";"X";"Seleçăo Fonte LOC/REM"
"P0221";"PAR_0221";"WORD";"";"0: HMI";"17: FI > 0";"0: HMI";"0";"0: HMI";"";"";"Sel. Referęncia LOC"
"P0222";"PAR_0222";"WORD";"";"0: HMI";"17: FI > 0";"1: AI1";"0";"0: HMI";"";"X";"Sel. Referęncia REM"
"P0223";"PAR_0223";"WORD";"";"0: Horário";"12: SoftPLC";"2: Tecla HMI (H)";"0";"2: Tecla HMI (H)";"";"";"Seleçăo Giro LOC"
"P0224";"PAR_0224";"WORD";"";"0: Tecla HMI";"5: SoftPLC";"0: Tecla HMI";"0";"0: Tecla HMI";"";"";"Seleçăo Gira/Pára LOC"
"P0225";"PAR_0225";"WORD";"";"0: Inativo";"6: SoftPLC";"1: Tecla HMI";"0";"1: Tecla HMI";"";"";"Seleçăo JOG LOC"
"P0226";"PAR_0226";"WORD";"";"0: Horário";"12: SoftPLC";"4: DIx";"0";"0: Horário";"";"X";"Seleçăo Giro REM"
"P0227";"PAR_0227";"WORD";"";"0: Tecla HMI";"5: SoftPLC";"1: DIx";"0";"5: SoftPLC";"";"X";"Seleçăo Gira/Pára REM"
"P0228";"PAR_0228";"WORD";"";"0: Inativo";"6: SoftPLC";"2: DIx";"0";"3: Serial/USB";"";"X";"Seleçăo JOG REM"
"P0229";"PAR_0229";"WORD";"";"0: Por Rampa";"2: Parada Rápida";"0: Por Rampa";"0";"0: Por Rampa";"";"";"Seleçăo Modo Parada"
"P0230";"PAR_0230";"WORD";"";"0: Inativa";"1: Ativa";"0: Inativa";"0";"0: Inativa";"";"";"Zona Morta (AIs)"
"P0231";"PAR_0231";"WORD";"";"0: Ref. Veloc.";"15: Funçăo 8 Aplicaçăo";"0: Ref. Veloc.";"0";"0: Ref. Veloc.";"";"";"Funçăo do Sinal AI1"
"P0232";"PAR_0232";"WORD";"";"0.000";"9.999";"1.000";"3";"1.000";"";"";"Ganho da Entrada AI1"
"P0233";"PAR_0233";"WORD";"";"0: 0 a 10V/20mA";"3: 20 a 4 mA";"0: 0 a 10V/20mA";"0";"0: 0 a 10V/20mA";"";"";"Sinal da Entrada AI1"
"P0234";"PAR_0234";"WORD";"%";"-100.0";"100.0";"0.0";"1";"0.0";"";"";"Offset da Entrada AI1"
"P0235";"PAR_0235";"WORD";"s";"0.00";"16.00";"0.00";"2";"0.00";"";"";"Filtro da Entrada AI1"
"P0236";"PAR_0236";"WORD";"";"0: Ref. Veloc.";"15: Funçăo 8 Aplicaçăo";"0: Ref. Veloc.";"0";"0: Ref. Veloc.";"";"";"Funçăo do Sinal AI2"
"P0237";"PAR_0237";"WORD";"";"0.000";"9.999";"1.000";"3";"1.000";"";"";"Ganho da Entrada AI2"
"P0238";"PAR_0238";"WORD";"";"0: 0 a 10V/20mA";"3: 20 a 4 mA";"0: 0 a 10V/20mA";"0";"0: 0 a 10V/20mA";"";"";"Sinal da Entrada AI2"
"P0239";"PAR_0239";"WORD";"%";"-100.0";"100.0";"0.0";"1";"0.0";"";"";"Offset da Entrada AI2"
"P0240";"PAR_0240";"WORD";"s";"0.00";"16.00";"0.00";"2";"0.00";"";"";"Filtro da Entrada AI2"
"P0241";"PAR_0241";"WORD";"";"0: Ref. Veloc.";"15: Funçăo 8 Aplicaçăo";"0: Ref. Veloc.";"0";"0: Ref. Veloc.";"";"";"Funçăo do Sinal AI3"
"P0242";"PAR_0242";"WORD";"";"0.000";"9.999";"1.000";"3";"1.000";"";"";"Ganho da Entrada AI3"
"P0243";"PAR_0243";"WORD";"";"0: 0 a 10V/20mA";"4: -10 a +10V";"0: 0 a 10V/20mA";"0";"0: 0 a 10V/20mA";"";"";"Sinal da Entrada AI3"
"P0244";"PAR_0244";"WORD";"%";"-100.0";"100.0";"0.0";"1";"0.0";"";"";"Offset da Entrada AI3"
"P0245";"PAR_0245";"WORD";"s";"0.00";"16.00";"0.00";"2";"0.00";"";"";"Filtro da Entrada AI3"
"P0246";"PAR_0246";"WORD";"";"0: Inativa";"1: Ativa";"0: Inativa";"0";"0: Inativa";"";"";"Entrada em Freq. FI"
"P0247";"PAR_0247";"WORD";"";"0.000";"9.999";"1.000";"3";"1.000";"";"";"Ganho da Entrada FI"
"P0248";"PAR_0248";"WORD";"Hz";"10";"20000";"10";"0";"10";"";"";"Entrada FI Mínima"
"P0249";"PAR_0249";"WORD";"%";"-100.0";"100.0";"0.0";"1";"0.0";"";"";"Offset da Entrada FI"
"P0250";"PAR_0250";"WORD";"Hz";"10";"20000";"10000";"0";"10000";"";"";"Entrada FI Máxima"
"P0251";"PAR_0251";"WORD";"";"0: Ref. Veloc.";"28: Funçăo 8 Aplicaçăo";"2: Veloc. Real";"0";"2: Veloc. Real";"";"";"Funçăo da Saída AO1"
"P0252";"PAR_0252";"WORD";"";"0.000";"9.999";"1.000";"3";"1.000";"";"";"Ganho da Saída AO1"
"P0253";"PAR_0253";"WORD";"";"0: 0 a 10V";"5: 20 a 4 mA";"0: 0 a 10V";"0";"0: 0 a 10V";"";"";"Sinal da Saída AO1"
"P0254";"PAR_0254";"WORD";"";"0: Ref. Veloc.";"28: Funçăo 8 Aplicaçăo";"5: Corrente Saída";"0";"5: Corrente Saída";"";"";"Funçăo da Saída AO2"
"P0255";"PAR_0255";"WORD";"";"0.000";"9.999";"1.000";"3";"1.000";"";"";"Ganho da Saída AO2"
"P0256";"PAR_0256";"WORD";"";"0: 0 a 10V";"5: 20 a 4 mA";"0: 0 a 10V";"0";"0: 0 a 10V";"";"";"Sinal da Saída AO2"
"P0257";"PAR_0257";"WORD";"";"0: Ref. Veloc.";"28: Funçăo 8 Aplicaçăo";"15: Desabilita FO";"0";"15: Desabilita FO";"";"";"Funçăo da Saída FO"
"P0258";"PAR_0258";"WORD";"";"0.000";"9.999";"1.000";"3";"1.000";"";"";"Ganho Saída FO"
"P0259";"PAR_0259";"WORD";"Hz";"10";"20000";"10";"0";"10";"";"";"Saída FO Mínima"
"P0260";"PAR_0260";"WORD";"Hz";"10";"20000";"10000";"0";"10000";"";"";"Saída FO Máxima"
"P0263";"PAR_0263";"WORD";"";"0: Sem Funçăo";"46: Funçăo 8 Aplicaçăo";"1: Gira/Pára";"0";"2: Habilita Geral";"";"X";"Funçăo da Entrada DI1"
"P0264";"PAR_0264";"WORD";"";"0: Sem Funçăo";"46: Funçăo 8 Aplicaçăo";"8: Sentido Giro Horário";"0";"0: Sem Funçăo";"";"X";"Funçăo da Entrada DI2"
"P0265";"PAR_0265";"WORD";"";"0: Sem Funçăo";"46: Funçăo 8 Aplicaçăo";"20: Reset";"0";"22: Man./Auto PID";"";"X";"Funçăo da Entrada DI3"
"P0266";"PAR_0266";"WORD";"";"0: Sem Funçăo";"46: Funçăo 8 Aplicaçăo";"10: JOG";"0";"0: Sem Funçăo";"";"X";"Funçăo da Entrada DI4"
"P0267";"PAR_0267";"WORD";"";"0: Sem Funçăo";"46: Funçăo 8 Aplicaçăo";"0: Sem Funçăo";"0";"0: Sem Funçăo";"";"";"Funçăo da Entrada DI5"
"P0268";"PAR_0268";"WORD";"";"0: Sem Funçăo";"46: Funçăo 8 Aplicaçăo";"0: Sem Funçăo";"0";"0: Sem Funçăo";"";"";"Funçăo da Entrada DI6"
"P0269";"PAR_0269";"WORD";"";"0: Sem Funçăo";"46: Funçăo 8 Aplicaçăo";"0: Sem Funçăo";"0";"0: Sem Funçăo";"";"";"Funçăo da Entrada DI7"
"P0270";"PAR_0270";"WORD";"";"0: Sem Funçăo";"46: Funçăo 8 Aplicaçăo";"0: Sem Funçăo";"0";"0: Sem Funçăo";"";"";"Funçăo da Entrada DI8"
"P0271";"PAR_0271";"WORD";"";"0: (DI1..DI8)NPN";"8: (DI1..DI8)PNP";"0: (DI1..DI8)NPN";"0";"0: (DI1..DI8)NPN";"";"";"Sinal das DIs"
"P0275";"PAR_0275";"WORD";"";"0: Sem Funçăo";"44: Funçăo 8 Aplicaçăo";"13: Sem Falha";"0";"20: Conteúdo P0695";"";"X";"Funçăo da Saída DO1"
"P0276";"PAR_0276";"WORD";"";"0: Sem Funçăo";"44: Funçăo 8 Aplicaçăo";"2: F > Fx";"0";"0: Sem Funçăo";"";"X";"Funçăo da Saída DO2"
"P0277";"PAR_0277";"WORD";"";"0: Sem Funçăo";"44: Funçăo 8 Aplicaçăo";"0: Sem Funçăo";"0";"0: Sem Funçăo";"";"";"Funçăo da Saída DO3"
"P0278";"PAR_0278";"WORD";"";"0: Sem Funçăo";"44: Funçăo 8 Aplicaçăo";"0: Sem Funçăo";"0";"0: Sem Funçăo";"";"";"Funçăo da Saída DO4"
"P0279";"PAR_0279";"WORD";"";"0: Sem Funçăo";"44: Funçăo 8 Aplicaçăo";"0: Sem Funçăo";"0";"0: Sem Funçăo";"";"";"Funçăo da Saída DO5"
"P0287";"PAR_0287";"WORD";"Hz";"0.0";"10.0";"0.5";"1";"0.5";"";"";"Histerese Fx"
"P0288";"PAR_0288";"WORD";"Hz";"0.0";"500.0";"3.0";"1";"3.0";"";"";"Velocidade Fx"
"P0290";"PAR_0290";"WORD";"A";"0.0";"200.0";"3.6";"1";"4.3";"";"X";"Corrente Ix"
"P0293";"PAR_0293";"WORD";"%";"0";"200";"100";"0";"100";"";"";"Torque Tx"
"P0295";"PAR_0295";"WORD";"A";"0.0";"200.0";"0.0";"1";"4.3";"X";"X";"Corr. Nom. Inv."
"P0296";"PAR_0296";"WORD";"";"0: 200 - 240 V";"7: 600 V";"0: 200 - 240 V";"0";"0: 200 - 240 V";"X";"";"Tensăo Nominal Rede"
"P0297";"PAR_0297";"WORD";"Hz";"2500";"15000";"5000";"0";"5000";"";"";"Freq. de Chaveamento"
"P0299";"PAR_0299";"WORD";"s";"0.0";"15.0";"0.0";"1";"0.0";"";"";"Tempo Frenag. Partida"
"P0300";"PAR_0300";"WORD";"s";"0.0";"15.0";"0.0";"1";"0.0";"";"";"Tempo Frenagem Parada"
"P0301";"PAR_0301";"WORD";"Hz";"0.0";"500.0";"3.0";"1";"3.0";"";"";"Frequęncia de Início"
"P0302";"PAR_0302";"WORD";"%";"0.0";"100.0";"20.0";"1";"20.0";"";"";"Tensăo Frenagem CC"
"P0303";"PAR_0303";"WORD";"Hz";"0.0";"500.0";"20.0";"1";"20.0";"";"";"Frequęncia Evitada 1"
"P0304";"PAR_0304";"WORD";"Hz";"0.0";"500.0";"30.0";"1";"30.0";"";"";"Frequęncia Evitada 2"
"P0306";"PAR_0306";"WORD";"Hz";"0.0";"25.0";"0.0";"1";"0.0";"";"";"Faixa Evitada"
"P0308";"PAR_0308";"WORD";"";"1";"247";"1";"0";"1";"";"";"Endereço Serial"
"P0310";"PAR_0310";"WORD";"";"0: 9600 bits/s";"2: 38400 bits/s";"1: 19200 bits/s";"0";"1: 19200 bits/s";"";"";"Taxa Comunic. Serial"
"P0311";"PAR_0311";"WORD";"";"0: 8 bits, sem, 1";"5: 8 bits, ímp, 2";"1: 8 bits, par, 1";"0";"3: 8 bits, sem, 2";"";"X";"Config. Bytes Serial"
"P0312";"PAR_0312";"WORD";"";"0: HMI(1)";"13: Mestre RTU(2)";"2: Modbus RTU(1)";"0";"2: Modbus RTU(1)";"";"";"Protocolo Serial(1)(2)"
"P0313";"PAR_0313";"WORD";"";"0: Inativo";"5: Causa Falha";"1: Pára por Rampa";"0";"1: Pára por Rampa";"";"";"Açăo p/ Erro Comunic."
"P0314";"PAR_0314";"WORD";"s";"0.0";"999.0";"0.0";"1";"0.0";"";"";"Watchdog Serial"
"P0316";"PAR_0316";"WORD";"";"0: Inativo";"2: Erro Watchdog";"0: Inativo";"0";"1: Ativo";"X";"X";"Estado Interf. Serial"
"P0320";"PAR_0320";"WORD";"";"0: Inativas";"3: Ride-Through (RT)";"0: Inativas";"0";"0: Inativas";"";"";"Flying Start/Ride-Through"
"P0321";"PAR_0321";"WORD";"V";"308";"616";"459";"0";"252";"";"X";"Ud para Falta de Rede"
"P0322";"PAR_0322";"WORD";"V";"308";"487";"423";"0";"243";"";"X";"Ud para Ride-Through"
"P0323";"PAR_0323";"WORD";"V";"308";"487";"462";"0";"267";"";"X";"Ud para Retorno Rede"
"P0325";"PAR_0325";"WORD";"";"0.0";"63.9";"22.8";"1";"22.8";"";"";"Ganho Prop. RT"
"P0326";"PAR_0326";"WORD";"";"0.000";"9.999";"0.128";"3";"0.128";"";"";"Ganho Integr. RT"
"P0327";"PAR_0327";"WORD";"";"0.000";"1.000";"0.070";"3";"0.000";"";"X";"Rampa Corr. I/f F.S."
"P0328";"PAR_0328";"WORD";"";"0.000";"1.000";"0.085";"3";"0.000";"";"X";"Filtro Flying Start"
"P0329";"PAR_0329";"WORD";"";"2.0";"50.0";"6.0";"1";"6.0";"";"";"Rampa Freq. I/f F.S."
"P0331";"PAR_0331";"WORD";"s";"0.2";"60.0";"2.0";"1";"2.0";"";"";"Rampa de Tensăo"
"P0340";"PAR_0340";"WORD";"s";"0";"255";"0";"0";"0";"";"";"Tempo Auto-Reset"
"P0343";"PAR_0343";"WORD";"";"0: F0074";"";"";"0";"";"";"";"Máscara Falhas/Alarmes"
"P0349";"PAR_0349";"WORD";"%";"70";"100";"85";"0";"85";"";"";"Nível para Alarme Ixt"
"P0360";"PAR_0360";"WORD";"%";"0.0";"100.0";"10.0";"1";"10.0";"";"";"Erro vel. A0168/F0169"
"P0361";"PAR_0361";"WORD";"s";"0.0";"999.0";"0.0";"1";"0.0";"";"";"Tempo A0168 e F0169"
"P0372";"PAR_0372";"WORD";"%";"0.0";"90.0";"40.0";"1";"40.0";"";"";"Corr. Fren. CC (Sless)"
"P0397";"PAR_0397";"WORD";"";"0: Comp. Escorreg. Regen.";"";"";"0";"";"";"";"Config. do Controle"
"P0398";"PAR_0398";"WORD";"";"1.00";"1.50";"1.00";"2";"1.00";"";"";"Fator Serviço Motor"
"P0399";"PAR_0399";"WORD";"%";"50.0";"99.9";"75.0";"1";"75.0";"";"";"Rendimento Nom. Motor"
"P0400";"PAR_0400";"WORD";"V";"200";"600";"380";"0";"220";"";"X";"Tensăo Nominal Motor"
"P0401";"PAR_0401";"WORD";"A";"0.0";"200.0";"3.6";"1";"4.3";"";"X";"Corrente Nom. Motor"
"P0402";"PAR_0402";"WORD";"rpm";"0";"30000";"1710";"0";"1710";"";"";"Rotaçăo Nom. Motor"
"P0403";"PAR_0403";"WORD";"Hz";"0";"500";"60";"0";"60";"";"";"Frequęncia Nom. Motor"
"P0404";"PAR_0404";"WORD";"";"0: 0.16 HP (0.12 kW)";"19: 30.00 HP (22.00 kW)";"0: 0.16 HP (0.12 kW)";"0";"5: 1.00 HP (0.75 kW)";"";"X";"Potęncia Nom. Motor"
"P0405";"PAR_0405";"WORD";"";"100";"9999";"1024";"0";"1024";"";"";"Número Pulsos Encoder"
"P0406";"PAR_0406";"WORD";"";"0: Autoventilado";"1: Independente";"0: Autoventilado";"0";"0: Autoventilado";"";"";"Ventilaçăo do Motor"
"P0407";"PAR_0407";"WORD";"";"0.50";"0.99";"0.80";"2";"0.80";"";"";"Fator Pot. Nom. Motor"
"P0409";"PAR_0409";"WORD";"";"0.01";"99.99";"4.00";"2";"4.13";"";"X";"Resistęncia Estator"
"P0410";"PAR_0410";"WORD";"A";"0.0";"100.0";"0.0";"1";"0.0";"";"";"Corrente Magnetizaçăo"
"P0411";"PAR_0411";"WORD";"";"0.00";"99.99";"0.00";"2";"0.00";"";"";"Indutância Dispersăo"
"P0412";"PAR_0412";"WORD";"s";"0.000";"9.999";"0.000";"3";"0.000";"";"";"Constante Tr"
"P0413";"PAR_0413";"WORD";"s";"0.00";"99.99";"0.00";"2";"0.00";"";"";"Constante Tm"
"P0431";"PAR_0431";"WORD";"";"2";"24";"6";"0";"6";"";"";"Número de Pólos"
"P0435";"PAR_0435";"WORD";"";"0";"6000";"0";"0";"0";"";"";"Constante Ke"
"P0445";"PAR_0445";"WORD";"";"0.00";"4.00";"0.50";"2";"0.50";"";"";"Ajuste Eficięncia MTPA"
"P0446";"PAR_0446";"WORD";"";"0.00";"5.00";"1.00";"2";"1.00";"";"";"Ganho Prop. MTPA"
"P0447";"PAR_0447";"WORD";"";"0.000";"0.500";"0.012";"3";"0.012";"";"";"Ganho Integr. MTPA"
"P0448";"PAR_0448";"WORD";"";"0.00";"30.00";"0.75";"2";"0.75";"";"";"Ajuste do Damping"
"P0451";"PAR_0451";"WORD";"%";"0.0";"100.0";"2.0";"1";"2.0";"";"";"Vel. Inicial do Damping (%)"
"P0452";"PAR_0452";"WORD";"ms";"1";"1000";"1";"0";"1";"";"";"Filtro Corrente DQ"
"P0453";"PAR_0453";"WORD";"s";"0.0";"999.0";"0.0";"1";"0.0";"";"";"Tempo Rampa de Partida"
"P0454";"PAR_0454";"WORD";"%";"0.0";"100.0";"100.0";"1";"100.0";"";"";"Tensăo Mínima MTPA"
"P0510";"PAR_0510";"WORD";"";"0: Sem unidade";"19: H";"0: Sem unidade";"0";"0: Sem unidade";"";"";"Unidade Eng. 1 SoftPLC"
"P0511";"PAR_0511";"WORD";"";"0: wxyz";"3: w.xyz";"1: wxy.z";"0";"1: wxy.z";"";"";"Ponto Decimal Uni. Eng. 1"
"P0512";"PAR_0512";"WORD";"";"0: Sem unidade";"19: H";"3: rpm";"0";"3: rpm";"";"";"Unidade Eng. 2 SoftPLC"
"P0513";"PAR_0513";"WORD";"";"0: wxyz";"3: w.xyz";"0: wxyz";"0";"0: wxyz";"";"";"Ponto Decimal Uni. Eng. 2"
"P0520";"PAR_0520";"WORD";"";"0.000";"9.999";"1.000";"3";"0.500";"";"X";"Ganho Proporc. PID"
"P0521";"PAR_0521";"WORD";"";"0.000";"9.999";"0.430";"3";"0.100";"";"X";"Ganho Integral PID"
"P0522";"PAR_0522";"WORD";"";"0.000";"9.999";"0.000";"3";"0.000";"";"";"Ganho Diferencial PID"
"P0525";"PAR_0525";"WORD";"%";"0.0";"100.0";"0.0";"1";"50.0";"";"X";"Setpoint PID pela HMI"
"P0526";"PAR_0526";"WORD";"ms";"0";"9999";"50";"0";"50";"";"";"Filtro Setpoint PID"
"P0527";"PAR_0527";"WORD";"";"0: Direto";"1: Reverso";"0: Direto";"0";"0: Direto";"";"";"Tipo de Açăo PID"
"P0528";"PAR_0528";"WORD";"";"10";"30000";"1000";"0";"1000";"";"";"Escala Indicaçăo VP"
"P0529";"PAR_0529";"WORD";"";"0: wxyz";"3: w.xyz";"1: wxy.z";"0";"1: wxy.z";"";"";"Forma Indicaçăo VP"
"P0533";"PAR_0533";"WORD";"%";"0.0";"100.0";"90.0";"1";"90.0";"";"";"Valor VPx"
"P0535";"PAR_0535";"WORD";"%";"0.0";"100.0";"0.0";"1";"5.0";"";"X";"Faixa p/ Acordar"
"P0536";"PAR_0536";"WORD";"";"0: Inativo";"1: Ativo";"0: Inativo";"0";"0: Inativo";"";"";"Ajuste Autom. P0525"
"P0588";"PAR_0588";"WORD";"%";"0";"85";"0";"0";"0";"";"";"Máximo Torque EOC"
"P0589";"PAR_0589";"WORD";"%";"8";"40";"40";"0";"40";"";"";"Tensăo Mínima EOC"
"P0590";"PAR_0590";"WORD";"rpm";"360";"18000";"600";"0";"600";"";"";"Velocidade Mínima EOC"
"P0591";"PAR_0591";"WORD";"%";"0";"30";"10";"0";"10";"";"";"Histerese EOC"
"P0680";"PAR_0680";"WORD";"";"0";"65535";"0";"0";"22016";"X";"X";"Estado Lógico"
"P0681";"PAR_0681";"WORD";"";"-32768";"32767";"0";"0";"0";"X";"";"Velocidade 13 bits"
"P0682";"PAR_0682";"WORD";"";"0";"65535";"0";"0";"0";"X";"";"Controle Serial/USB"
"P0683";"PAR_0683";"WORD";"";"-32768";"32767";"0";"0";"0";"";"";"Ref. Vel. Serial/USB"
"P0684";"PAR_0684";"WORD";"";"0";"65535";"0";"0";"0";"X";"";"Controle CO/DN/PB/Eth"
"P0685";"PAR_0685";"WORD";"";"-32768";"32767";"0";"0";"0";"";"";"Ref. Vel. CO/DN/PB/Eth"
"P0690";"PAR_0690";"WORD";"";"0";"65535";"0";"0";"768";"X";"X";"Estado Lógico 2"
"P0695";"PAR_0695";"WORD";"";"0";"31";"0";"0";"1";"";"X";"Valor para DOx"
"P0696";"PAR_0696";"WORD";"";"-32768";"32767";"0";"0";"0";"";"";"Valor 1 para AOx"
"P0697";"PAR_0697";"WORD";"";"-32768";"32767";"0";"0";"0";"";"";"Valor 2 para AOx"
"P0698";"PAR_0698";"WORD";"";"-32768";"32767";"0";"0";"0";"";"";"Valor 3 para AOx"
"P0700";"PAR_0700";"WORD";"";"1: CANopen";"3: Reservado";"2: DeviceNet";"0";"2: DeviceNet";"";"";"Protocolo CAN"
"P0701";"PAR_0701";"WORD";"";"0";"127";"63";"0";"63";"";"";"Endereço CAN"
"P0702";"PAR_0702";"WORD";"";"0: 1 Mbps/Auto";"8: 10 Kbps/Auto";"0: 1 Mbps/Auto";"0";"0: 1 Mbps/Auto";"";"";"Taxa Comunicaçăo CAN"
"P0703";"PAR_0703";"WORD";"";"0: Manual";"1: Automático";"0: Manual";"0";"0: Manual";"";"";"Reset de Bus Off"
"P0705";"PAR_0705";"WORD";"";"0: Inativo";"6: Năo Alimentado";"0: Inativo";"0";"0: Inativo";"X";"";"Estado ControladorCAN"
"P0706";"PAR_0706";"WORD";"";"0";"65535";"0";"0";"0";"X";"";"Telegramas CAN RX"
"P0707";"PAR_0707";"WORD";"";"0";"65535";"0";"0";"0";"X";"";"Telegramas CAN TX"
"P0708";"PAR_0708";"WORD";"";"0";"65535";"0";"0";"0";"X";"";"Contador de Bus Off"
"P0709";"PAR_0709";"WORD";"";"0";"65535";"0";"0";"0";"X";"";"MensagensCAN Perdidas"
"P0710";"PAR_0710";"WORD";"";"0: ODVA Basic 2W";"6: Especif.Fab.6W";"0: ODVA Basic 2W";"0";"0: ODVA Basic 2W";"";"";"Instâncias I/O Dnet"
"P0711";"PAR_0711";"WORD";"";"0";"1199";"0";"0";"0";"";"";"Leitura #3 DeviceNet"
"P0712";"PAR_0712";"WORD";"";"0";"1199";"0";"0";"0";"";"";"Leitura #4 DeviceNet"
"P0713";"PAR_0713";"WORD";"";"0";"1199";"0";"0";"0";"";"";"Leitura #5 DeviceNet"
"P0714";"PAR_0714";"WORD";"";"0";"1199";"0";"0";"0";"";"";"Leitura #6 DeviceNet"
"P0715";"PAR_0715";"WORD";"";"0";"1199";"0";"0";"0";"";"";"Escrita #3 DeviceNet"
"P0716";"PAR_0716";"WORD";"";"0";"1199";"0";"0";"0";"";"";"Escrita #4 DeviceNet"
"P0717";"PAR_0717";"WORD";"";"0";"1199";"0";"0";"0";"";"";"Escrita #5 DeviceNet"
"P0718";"PAR_0718";"WORD";"";"0";"1199";"0";"0";"0";"";"";"Escrita #6 DeviceNet"
"P0719";"PAR_0719";"WORD";"";"0: Offline";"5: Auto-Baud";"0: Offline";"0";"0: Offline";"X";"";"Estado Rede DeviceNet"
"P0720";"PAR_0720";"WORD";"";"0: Run";"1: Idle";"0: Run";"0";"0: Run";"X";"";"Estado Mestre DNet"
"P0721";"PAR_0721";"WORD";"";"0: Inativo";"5: Erro Heartbeat";"0: Inativo";"0";"0: Inativo";"X";"";"Estado Com. CANopen"
"P0722";"PAR_0722";"WORD";"";"0: Inativo";"4: PréOperacional";"0: Inativo";"0";"0: Inativo";"X";"";"Estado Nó CANopen"
"P0740";"PAR_0740";"WORD";"";"0: Inativo";"6: Online";"0: Inativo";"0";"0: Inativo";"X";"";"Estado Com. Profibus"
"P0741";"PAR_0741";"WORD";"";"0: PROFIdrive";"1: Fabricante";"1: Fabricante";"0";"1: Fabricante";"";"";"Perfil Dados Profibus"
"P0742";"PAR_0742";"WORD";"";"0";"1199";"0";"0";"0";"";"";"Leitura #3 Profibus"
"P0743";"PAR_0743";"WORD";"";"0";"1199";"0";"0";"0";"";"";"Leitura #4 Profibus"
"P0744";"PAR_0744";"WORD";"";"0";"1199";"0";"0";"0";"";"";"Leitura #5 Profibus"
"P0745";"PAR_0745";"WORD";"";"0";"1199";"0";"0";"0";"";"";"Leitura #6 Profibus"
"P0746";"PAR_0746";"WORD";"";"0";"1199";"0";"0";"0";"";"";"Leitura #7 Profibus"
"P0747";"PAR_0747";"WORD";"";"0";"1199";"0";"0";"0";"";"";"Leitura #8 Profibus"
"P0750";"PAR_0750";"WORD";"";"0";"1199";"0";"0";"0";"";"";"Escrita #3 Profibus"
"P0751";"PAR_0751";"WORD";"";"0";"1199";"0";"0";"0";"";"";"Escrita #4 Profibus"
"P0752";"PAR_0752";"WORD";"";"0";"1199";"0";"0";"0";"";"";"Escrita #5 Profibus"
"P0753";"PAR_0753";"WORD";"";"0";"1199";"0";"0";"0";"";"";"Escrita #6 Profibus"
"P0754";"PAR_0754";"WORD";"";"0";"1199";"0";"0";"0";"";"";"Escrita #7 Profibus"
"P0755";"PAR_0755";"WORD";"";"0";"1199";"0";"0";"0";"";"";"Escrita #8 Profibus"
"P0800";"PAR_0800";"WORD";"";"0: Năo Identificado";"3: PROFINET IO";"0: Năo Identificado";"0";"0: Năo Identificado";"X";"";"Eth:Identificaçăo do Módulo"
"P0801";"PAR_0801";"WORD";"";"0: Setup";"8: Erro de Acesso";"0: Setup";"0";"0: Setup";"X";"";"Eth:Estado da Comunicaçăo"
"P0803";"PAR_0803";"WORD";"";"0: Auto";"4: 100Mbit, full duplex";"0: Auto";"0";"0: Auto";"";"";"Eth:Taxa de Comunicaçăo"
"P0806";"PAR_0806";"WORD";"";"0.0";"65.5";"0.0";"1";"0.0";"";"";"Eth:Timeout Modbus TCP"
"P0810";"PAR_0810";"WORD";"";"0: Parâmetros";"1: DHCP";"1: DHCP";"0";"1: DHCP";"";"";"Eth:Config Endereço IP"
"P0811";"PAR_0811";"WORD";"";"0";"255";"192";"0";"192";"";"";"Eth:Endereço IP 1"
"P0812";"PAR_0812";"WORD";"";"0";"255";"168";"0";"168";"";"";"Eth:Endereço IP 2"
"P0813";"PAR_0813";"WORD";"";"0";"255";"0";"0";"0";"";"";"Eth:Endereço IP 3"
"P0814";"PAR_0814";"WORD";"";"0";"255";"14";"0";"14";"";"";"Eth:Endereço IP 4"
"P0815";"PAR_0815";"WORD";"";"1";"31";"24";"0";"24";"";"";"Eth:CIDR Sub-rede"
"P0816";"PAR_0816";"WORD";"";"0";"255";"0";"0";"0";"";"";"Eth:Gateway 1"
"P0817";"PAR_0817";"WORD";"";"0";"255";"0";"0";"0";"";"";"Eth:Gateway 2"
"P0818";"PAR_0818";"WORD";"";"0";"255";"0";"0";"0";"";"";"Eth:Gateway 3"
"P0819";"PAR_0819";"WORD";"";"0";"255";"0";"0";"0";"";"";"Eth:Gateway 4"
"P0820";"PAR_0820";"WORD";"";"0";"9999";"0";"0";"0";"";"";"Eth:Leitura #3"
"P0821";"PAR_0821";"WORD";"";"0";"9999";"0";"0";"0";"";"";"Eth:Leitura #4"
"P0822";"PAR_0822";"WORD";"";"0";"9999";"0";"0";"0";"";"";"Eth:Leitura #5"
"P0823";"PAR_0823";"WORD";"";"0";"9999";"0";"0";"0";"";"";"Eth:Leitura #6"
"P0824";"PAR_0824";"WORD";"";"0";"9999";"0";"0";"0";"";"";"Eth:Leitura #7"
"P0825";"PAR_0825";"WORD";"";"0";"9999";"0";"0";"0";"";"";"Eth:Leitura #8"
"P0826";"PAR_0826";"WORD";"";"0";"9999";"0";"0";"0";"";"";"Eth:Leitura #9"
"P0827";"PAR_0827";"WORD";"";"0";"9999";"0";"0";"0";"";"";"Eth:Leitura #10"
"P0828";"PAR_0828";"WORD";"";"0";"9999";"0";"0";"0";"";"";"Eth:Leitura #11"
"P0829";"PAR_0829";"WORD";"";"0";"9999";"0";"0";"0";"";"";"Eth:Leitura #12"
"P0830";"PAR_0830";"WORD";"";"0";"9999";"0";"0";"0";"";"";"Eth:Leitura #13"
"P0831";"PAR_0831";"WORD";"";"0";"9999";"0";"0";"0";"";"";"Eth:Leitura #14"
"P0835";"PAR_0835";"WORD";"";"0";"9999";"0";"0";"0";"";"";"Eth:Escrita #3"
"P0836";"PAR_0836";"WORD";"";"0";"9999";"0";"0";"0";"";"";"Eth:Escrita #4"
"P0837";"PAR_0837";"WORD";"";"0";"9999";"0";"0";"0";"";"";"Eth:Escrita #5"
"P0838";"PAR_0838";"WORD";"";"0";"9999";"0";"0";"0";"";"";"Eth:Escrita #6"
"P0839";"PAR_0839";"WORD";"";"0";"9999";"0";"0";"0";"";"";"Eth:Escrita #7"
"P0840";"PAR_0840";"WORD";"";"0";"9999";"0";"0";"0";"";"";"Eth:Escrita #8"
"P0841";"PAR_0841";"WORD";"";"0";"9999";"0";"0";"0";"";"";"Eth:Escrita #9"
"P0842";"PAR_0842";"WORD";"";"0";"9999";"0";"0";"0";"";"";"Eth:Escrita #10"
"P0843";"PAR_0843";"WORD";"";"0";"9999";"0";"0";"0";"";"";"Eth:Escrita #11"
"P0844";"PAR_0844";"WORD";"";"0";"9999";"0";"0";"0";"";"";"Eth:Escrita #12"
"P0845";"PAR_0845";"WORD";"";"0";"9999";"0";"0";"0";"";"";"Eth:Escrita #13"
"P0846";"PAR_0846";"WORD";"";"0";"9999";"0";"0";"0";"";"";"Eth:Escrita #14"
"P0849";"PAR_0849";"WORD";"";"0: Operaçăo Normal";"1: Atualiza Configuraçăo";"0: Operaçăo Normal";"0";"0: Operaçăo Normal";"";"";"Eth:Atualiza Configuraçăo"
"P0918";"PAR_0918";"WORD";"";"1";"126";"1";"0";"1";"";"";"Endereço Profibus"
"P0922";"PAR_0922";"WORD";"";"2: Teleg.Padrăo 1";"8: Telegrama 108";"2: Teleg.Padrăo 1";"0";"2: Teleg.Padrăo 1";"";"";"Sel. Teleg. Profibus"
"P0963";"PAR_0963";"WORD";"";"0: 9.6 kbit/s";"11: 45.45 kbit/s";"0: 9.6 kbit/s";"0";"0: 9.6 kbit/s";"X";"";"Taxa Comunic.Profibus"
"P0967";"PAR_0967";"WORD";"";"0: ON";"";"0: ON";"0";"0: ON";"X";"";"Palavra de Controle 1"
"P0968";"PAR_0968";"WORD";"";"0: Ready To Swtich On";"";"0: Ready To Swtich On";"0";"0: Ready To Swtich On";"X";"";"Palavra de Status 1"
"P1000";"PAR_1000";"WORD";"";"0: Sem Aplicativo";"4: Aplic. Rodando";"0: Sem Aplicativo";"0";"4: Aplic. Rodando";"X";"X";"Estado da SoftPLC"
"P1001";"PAR_1001";"WORD";"";"0: Pára Aplic.";"2: Exclui Aplic.";"0: Pára Aplic.";"0";"1: Executa Aplic.";"";"X";"Comando para SoftPLC"
"P1002";"PAR_1002";"WORD";"ms";"0";"65535";"0";"0";"2";"X";"X";"Tempo Ciclo de Scan"
"P1004";"PAR_1004";"WORD";"";"0: Inativo";"";"0: Inativo";"0";"0: Inativo";"";"";"Açăo para Aplicativo da SoftPLC năo rodando"
"P1008";"PAR_1008";"WORD";"";"-9999";"9999";"0";"0";"0";"X";"";"Erro de Leg"
"P1009";"PAR_1009";"WORD";"";"0.0";"6553.5";"10.0";"1";"10.0";"";"";"Ganho de Posiçăo"
"P1010";"PAR_1010";"WORD";"";"-32768";"32767";"0";"0";"0";"";"";"Parâmetro SoftPLC 1"
"P1011";"PAR_1011";"WORD";"";"-32768";"32767";"0";"0";"0";"";"";"Parâmetro SoftPLC 2"
"P1012";"PAR_1012";"WORD";"";"-32768";"32767";"0";"0";"0";"";"";"Parâmetro SoftPLC 3"
"P1013";"PAR_1013";"WORD";"";"-32768";"32767";"0";"0";"0";"";"";"Parâmetro SoftPLC 4"
"P1014";"PAR_1014";"WORD";"";"-32768";"32767";"0";"0";"0";"";"";"Parâmetro SoftPLC 5"
"P1015";"PAR_1015";"WORD";"";"-32768";"32767";"0";"0";"0";"";"";"Parâmetro SoftPLC 6"
"P1016";"PAR_1016";"WORD";"";"-32768";"32767";"0";"0";"0";"";"";"Parâmetro SoftPLC 7"
"P1017";"PAR_1017";"WORD";"";"-32768";"32767";"0";"0";"0";"";"";"Parâmetro SoftPLC 8"
"P1018";"PAR_1018";"WORD";"";"-32768";"32767";"0";"0";"0";"";"";"Parâmetro SoftPLC 9"
"P1019";"PAR_1019";"WORD";"";"-32768";"32767";"0";"0";"0";"";"";"Parâmetro SoftPLC 10"
"P1020";"PAR_1020";"WORD";"";"-32768";"32767";"0";"0";"611";"";"X";"Parâmetro SoftPLC 11"
"P1021";"PAR_1021";"WORD";"";"-32768";"32767";"0";"0";"0";"";"";"Parâmetro SoftPLC 12"
"P1022";"PAR_1022";"WORD";"";"-32768";"32767";"0";"0";"0";"";"";"Parâmetro SoftPLC 13"
"P1023";"PAR_1023";"WORD";"";"-32768";"32767";"0";"0";"600";"";"X";"Parâmetro SoftPLC 14"
"P1024";"PAR_1024";"WORD";"";"-32768";"32767";"0";"0";"0";"";"";"Parâmetro SoftPLC 15"
"P1025";"PAR_1025";"WORD";"";"-32768";"32767";"0";"0";"0";"";"";"Parâmetro SoftPLC 16"
"P1026";"PAR_1026";"WORD";"";"-32768";"32767";"0";"0";"0";"";"";"Parâmetro SoftPLC 17"
"P1027";"PAR_1027";"WORD";"";"-32768";"32767";"0";"0";"0";"";"";"Parâmetro SoftPLC 18"
"P1028";"PAR_1028";"WORD";"";"-32768";"32767";"0";"0";"0";"";"";"Parâmetro SoftPLC 19"
"P1029";"PAR_1029";"WORD";"";"-32768";"32767";"0";"0";"0";"";"";"Parâmetro SoftPLC 20"
"P1030";"PAR_1030";"WORD";"";"-32768";"32767";"0";"0";"0";"";"";"Parâmetro SoftPLC 21"
"P1031";"PAR_1031";"WORD";"";"-32768";"32767";"0";"0";"0";"";"";"Parâmetro SoftPLC 22"
"P1032";"PAR_1032";"WORD";"";"-32768";"32767";"0";"0";"0";"";"";"Parâmetro SoftPLC 23"
"P1033";"PAR_1033";"WORD";"";"-32768";"32767";"0";"0";"0";"";"";"Parâmetro SoftPLC 24"
"P1034";"PAR_1034";"WORD";"";"-32768";"32767";"0";"0";"0";"";"";"Parâmetro SoftPLC 25"
"P1035";"PAR_1035";"WORD";"";"-32768";"32767";"0";"0";"0";"";"";"Parâmetro SoftPLC 26"
"P1036";"PAR_1036";"WORD";"";"-32768";"32767";"0";"0";"0";"";"";"Parâmetro SoftPLC 27"
"P1037";"PAR_1037";"WORD";"";"-32768";"32767";"0";"0";"0";"";"";"Parâmetro SoftPLC 28"
"P1038";"PAR_1038";"WORD";"";"-32768";"32767";"0";"0";"0";"";"";"Parâmetro SoftPLC 29"
"P1039";"PAR_1039";"WORD";"";"-32768";"32767";"0";"0";"0";"";"";"Parâmetro SoftPLC 30"
"P1040";"PAR_1040";"WORD";"";"-32768";"32767";"0";"0";"0";"";"";"Parâmetro SoftPLC 31"
"P1041";"PAR_1041";"WORD";"";"-32768";"32767";"0";"0";"0";"";"";"Parâmetro SoftPLC 32"
"P1042";"PAR_1042";"WORD";"";"-32768";"32767";"0";"0";"0";"";"";"Parâmetro SoftPLC 33"
"P1043";"PAR_1043";"WORD";"";"-32768";"32767";"0";"0";"0";"";"";"Parâmetro SoftPLC 34"
"P1044";"PAR_1044";"WORD";"";"-32768";"32767";"0";"0";"0";"";"";"Parâmetro SoftPLC 35"
"P1045";"PAR_1045";"WORD";"";"-32768";"32767";"0";"0";"0";"";"";"Parâmetro SoftPLC 36"
"P1046";"PAR_1046";"WORD";"";"-32768";"32767";"0";"0";"0";"";"";"Parâmetro SoftPLC 37"
"P1047";"PAR_1047";"WORD";"";"-32768";"32767";"0";"0";"0";"";"";"Parâmetro SoftPLC 38"
"P1048";"PAR_1048";"WORD";"";"-32768";"32767";"0";"0";"0";"";"";"Parâmetro SoftPLC 39"
"P1049";"PAR_1049";"WORD";"";"-32768";"32767";"0";"0";"0";"";"";"Parâmetro SoftPLC 40"
"P1050";"PAR_1050";"WORD";"";"-32768";"32767";"0";"0";"0";"";"";"Parâmetro SoftPLC 41"
"P1051";"PAR_1051";"WORD";"";"-32768";"32767";"0";"0";"0";"";"";"Parâmetro SoftPLC 42"
"P1052";"PAR_1052";"WORD";"";"-32768";"32767";"0";"0";"0";"";"";"Parâmetro SoftPLC 43"
"P1053";"PAR_1053";"WORD";"";"-32768";"32767";"0";"0";"0";"";"";"Parâmetro SoftPLC 44"
"P1054";"PAR_1054";"WORD";"";"-32768";"32767";"0";"0";"0";"";"";"Parâmetro SoftPLC 45"
"P1055";"PAR_1055";"WORD";"";"-32768";"32767";"0";"0";"0";"";"";"Parâmetro SoftPLC 46"
"P1056";"PAR_1056";"WORD";"";"-32768";"32767";"0";"0";"0";"";"";"Parâmetro SoftPLC 47"
"P1057";"PAR_1057";"WORD";"";"-32768";"32767";"0";"0";"0";"";"";"Parâmetro SoftPLC 48"
"P1058";"PAR_1058";"WORD";"";"-32768";"32767";"0";"0";"0";"";"";"Parâmetro SoftPLC 49"
"P1059";"PAR_1059";"WORD";"";"-32768";"32767";"0";"0";"0";"";"";"Parâmetro SoftPLC 50"
